{
  "Penn St.": "Penn State Nittany Lions",
  "UConn": "Connecticut Huskies",
  "UAlbany": "UAlbany Great Danes",
  "UMass Lowell": "UMass Lowell River Hawks",
  "UMass": "UMass Minutemen",
  "UNLV": "UNLV Rebels",
  "USC": "USC Trojans",
  "UCF": "UCF Knights",
  "LSU": "LSU Tigers",
  "SMU": "SMU Mustangs",
  "TCU": "TCU Horned Frogs",
  "VCU": "VCU Rams",
  "BYU": "BYU Cougars",
  "UTEP": "UTEP Miners",
  "UTSA": "UTSA Roadrunners",
  "UNC": "North Carolina Tar Heels",
  "Ole Miss": "Ole Miss Rebels",
  "St. John's": "St. John's Red Storm",
  "Miami (FL)": "Miami Hurricanes",
  "Miami (OH)": "Miami (OH) RedHawks",
  "Saint Mary's": "Saint Mary's Gaels",
  "Loyola Chicago": "Loyola Chicago Ramblers",
  "ETSU": "East Tennessee State Buccaneers",
  "SIU Edwardsville": "SIU Edwardsville Cougars",
  "LIU": "LIU Sharks",
  "FDU": "Fairleigh Dickinson Knights",
  "UMBC": "UMBC Retrievers",
  "SFA": "Stephen F. Austin Lumberjacks",
  "UT Arlington": "UT Arlington Mavericks",
  "UT Martin": "UT Martin Skyhawks",
  "UNC Wilmington": "UNC Wilmington Seahawks",
  "UNC Greensboro": "UNC Greensboro Spartans",
  "UNC Asheville": "UNC Asheville Bulldogs"
}
